algorithm,rep,seed,best,n_evals,wall_time_s,viol_sob,viol_pun,viol_ten,viol_geo,volume_m3,max_violation,feasible
ga,0,42,2.3369441544141836,3000,0.44589104197802953,0.0,-0.32517212240525795,0.0016966548285051175,-0.009117947625345124,2.3199776061291324,0.0016966548285051175,False
ga,1,43,2.463939248544709,3000,0.4413477499911096,0.0,-0.48838741037211364,-0.008330721308503986,-0.04890488561962569,2.463939248544709,0.0,True
ga,2,44,2.5644792500749807,3000,0.44480458402540535,0.0,-0.356299424452417,-0.11612309095325435,-0.006215317540458898,2.5644792500749807,0.0,True
ga,3,45,2.3437165481875155,3000,0.43996183297713287,0.0,-0.3359056269638967,-0.05237696082361265,-0.029058780964124953,2.3437165481875155,0.0,True
ga,4,46,2.421075889816375,3000,0.4405942089797463,0.0,-0.3292653189126322,-0.001857111303595338,-0.05180733024155271,2.421075889816375,0.0,True
ga,5,47,2.3008994332502635,3000,0.4416621669952292,0.0,-0.3823564147982673,0.002724373917952666,-0.008370968794445766,2.2736556940707366,0.002724373917952666,False
ga,6,48,2.421393335816272,3000,0.4421447920030914,0.0,-0.33009121099605254,-0.0011049967823620888,-0.007768238216085521,2.421393335816272,0.0,True
ga,7,49,2.5921397309165006,3000,0.4406109999981709,0.0,-0.40959774392743753,-0.017255013844209577,-0.029797356179901424,2.5921397309165006,0.0,True
ga,8,50,2.585365153359492,3000,0.43865633400855586,0.0,-0.37081771325000024,-0.023300307708340462,-0.00700834625028901,2.585365153359492,0.0,True
ga,9,51,2.453010128017357,3000,0.4378212080046069,0.0,-0.35677192488598775,-0.008694286535657736,-0.007375523846572474,2.453010128017357,0.0,True
ga,10,52,2.6597383616932686,3000,0.4351019160239957,0.0,-0.4278262687981834,-0.03537420367897004,-0.004825978547104981,2.6597383616932686,0.0,True
ga,11,53,2.407013446800976,3000,0.43706179098808207,0.0,-0.333076876042225,0.0013679527706258465,-0.009812378261046195,2.3933339190947174,0.0013679527706258465,False
ga,12,54,2.4635376285572788,3000,0.43620887500583194,0.0,-0.4812932638768328,0.00037559505004773006,-0.01960455949885409,2.4597816780568014,0.00037559505004773006,False
ga,13,55,2.288255235127021,3000,0.43783362497924827,0.0,-0.36577811969901886,0.0012008657271946504,-0.011346841117985784,2.2762465778550744,0.0012008657271946504,False
ga,14,56,2.3312441363759726,3000,0.4365481249988079,0.0,-0.3319635237938412,-0.0025129875122418266,-0.01436543626763287,2.3312441363759726,0.0,True
ga,15,57,2.327293007689251,3000,0.4366327080060728,0.0,-0.3568480280195959,0.004144161869605436,-0.0014878352033065312,2.2858513889931964,0.004144161869605436,False
ga,16,58,2.339024903583484,3000,0.4392527500167489,0.0,-0.37647667450389444,0.0026179538379542677,-0.003986566316331874,2.312845365203941,0.0026179538379542677,False
ga,17,59,2.3365303758765887,3000,0.43774650001432747,0.0,-0.37912443593862166,-0.04326819396302628,-0.00695440389365265,2.3365303758765887,0.0,True
ga,18,60,2.4784710206921052,3000,0.43833391601219773,0.0,-0.33799837425993895,-0.005814527535847103,-0.012646795262846844,2.4784710206921052,0.0,True
ga,19,61,2.3418717733591334,3000,0.43825195799581707,0.0,-0.38430608398504074,-0.0022800909395866986,-0.0020467847687570817,2.3418717733591334,0.0,True
ga,20,62,2.387114405974008,3000,0.43678591700154357,0.0,-0.4075986320084354,-0.0018224450912339707,0.0003270608657264251,2.383843797316744,0.0003270608657264251,False
ga,21,63,2.43249690112349,3000,0.43867208299343474,0.0,-0.40450616412958706,-0.009163901120963991,-0.04110607528020438,2.43249690112349,0.0,True
ga,22,64,2.4843973676683087,3000,0.43805316599900834,0.0,-0.3702320459299294,-0.0035125161525593196,-0.004282407806974087,2.4843973676683087,0.0,True
ga,23,65,2.479735461746074,3000,0.4352197920088656,0.0,-0.4388724789726969,-0.01953812502365504,-0.0034204152551120526,2.479735461746074,0.0,True
ga,24,66,2.4655663764915543,3000,0.436898125015432,0.0,-0.38488245787238173,-0.039351342609918905,-0.015084972341682379,2.4655663764915543,0.0,True
ga,25,67,2.388866946882165,3000,0.4364857910259161,0.0,-0.3634448203146019,0.0032286005132580176,-0.056193065795697716,2.356580941749585,0.0032286005132580176,False
ga,26,68,2.3508769247179653,3000,0.436707832996035,0.0,-0.34594103082586725,-0.006862044186347949,-0.006353651655143233,2.3508769247179653,0.0,True
ga,27,69,2.3913603918806503,3000,0.43917033399338834,0.0,-0.3553509859831101,0.0013699851085016116,-0.04166692028820007,2.377660540795634,0.0013699851085016116,False
ga,28,70,2.513185873026514,3000,0.44353704201057553,0.0,-0.37880404864860406,-0.06077958709801412,0.002712616172993787,2.4860597112965763,0.002712616172993787,False
ga,29,71,2.5300614608709964,3000,0.4389488749729935,0.0,-0.38045998008120285,-0.03648591456018835,-0.016239318051207707,2.5300614608709964,0.0,True
pso,0,42,2.3494427173196124,3000,0.3948808750137687,0.0,-0.37710122102776455,0.0031712681676574483,-0.0010388534637506552,2.317730035643038,0.0031712681676574483,False
pso,1,43,2.3102442167222907,3000,0.3959587080171332,0.0,-0.3258715925725221,0.0016288045165633624,-0.026664295817946382,2.2939514848098974,0.0016288045165633624,False
pso,2,44,2.3361556344035934,3000,0.39263666700571775,0.0,-0.33955156612013404,-0.0019493875451165321,-0.08140325736476939,2.3361556344035934,0.0,True
pso,3,45,2.3977972827960814,3000,0.394294625002658,0.0,-0.3382482981556957,0.00018649271414989882,-0.0018061979346029045,2.3959323556545824,0.00018649271414989882,False
pso,4,46,2.5757056984958258,3000,0.3938205410086084,0.0,-0.326551693227209,-0.001894966636080797,-0.25823513095262984,2.5757056984958258,0.0,True
pso,5,47,2.336683786669498,3000,0.39232849999098107,0.0,-0.3251173113051604,-0.0060338134470222515,-0.0052532783060599275,2.336683786669498,0.0,True
pso,6,48,2.4235020435119274,3000,0.3940715420176275,0.0,-0.3251201879777924,-0.00024152525564058447,-0.0743506598150705,2.4235020435119274,0.0,True
pso,7,49,2.210310902196361,3000,0.39253050001570955,0.0,-0.32812374787561505,0.0015457309492881313,0.002870749024839414,2.166146102455085,0.002870749024839414,False
pso,8,50,2.5050325197965027,3000,0.3875242499925662,0.0,-0.32513437109513954,-0.03292792929402366,-0.003937352437027419,2.5050325197965027,0.0,True
pso,9,51,2.454171589639953,3000,0.39233199998852797,0.0,-0.36639912898429294,-0.0015434893723161869,-0.0071115813111397586,2.454171589639953,0.0,True
pso,10,52,2.2512301979088885,3000,0.3886883750092238,0.0,-0.3340815017253137,0.00023885015651181618,0.00016273585163673054,2.247214337827403,0.00023885015651181618,False
pso,11,53,2.334871300136077,3000,0.39182212500600144,0.0,-0.3252233707862442,-0.0014953049107208072,-0.021248258325029745,2.334871300136077,0.0,True
pso,12,54,2.166461515054725,3000,0.39116129200556315,0.0,-0.3274713602011178,1.5199006803596037e-05,-0.0032270713553670394,2.166309524986689,1.5199006803596037e-05,False
pso,13,55,2.3570425050246806,3000,0.3925348339835182,0.0,-0.42677163193496703,-8.335952250693168e-08,-0.07409743078388886,2.3570425050246806,0.0,True
pso,14,56,2.4404435811650527,3000,0.394857042003423,0.0,-0.3261396994874709,-0.0021141787659910705,-0.0019312339253592103,2.4404435811650527,0.0,True
pso,15,57,2.605970365418786,3000,0.3931325830053538,0.0,-0.3282058507485677,-0.008077029442224437,-0.0020751478859042383,2.605970365418786,0.0,True
pso,16,58,2.293067670157016,3000,0.3940022080205381,0.0,-0.4042954109728517,-0.0001652824086656457,-0.015536103775237509,2.293067670157016,0.0,True
pso,17,59,2.3100828507324485,3000,0.3912714589969255,0.0,-0.3475739923781098,2.4844585281735833e-06,-0.002249021986617583,2.310058006147167,2.4844585281735833e-06,False
pso,18,60,2.2029514504651484,3000,0.39298612499260344,0.0,-0.3456068636941916,-0.005732940315005597,-0.00022493446749360935,2.2029514504651484,0.0,True
pso,19,61,2.4425586133740707,3000,0.39510799999698065,0.0,-0.3254087424908243,-0.004727111117557858,-0.0021874527470788774,2.4425586133740707,0.0,True
pso,20,62,2.236330138742816,3000,0.3953541250084527,0.0,-0.3703542018390267,-0.0002673113567269736,-0.0017757302700087685,2.236330138742816,0.0,True
pso,21,63,2.270228752418027,3000,0.3935915829788428,0.0,-0.32512345355345174,0.0036261711114470756,-0.016239763317765776,2.2339670413035564,0.0036261711114470756,False
pso,22,64,2.9384699093002724,3000,0.3929108750016894,0.0,-0.5152529558561931,-5.0251553304070384e-06,-0.10931894425215294,2.9384699093002724,0.0,True
pso,23,65,2.405907503675704,3000,0.3918676250032149,0.0,-0.32630670733304423,0.010322966430219349,0.0032824335391890003,2.2698535039816203,0.010322966430219349,False
pso,24,66,2.2883752276066804,3000,0.3921052920049988,0.0,-0.35107039214661917,-0.002197020773522129,-0.025486140240560173,2.2883752276066804,0.0,True
pso,25,67,2.2044897940866837,3000,0.3906718340003863,0.0,-0.3261793515660414,0.0031558745903308427,-0.03435606164470251,2.1722786970434456,0.0031558745903308427,False
pso,26,68,3.20382552259438,3000,0.39018129199394025,0.0,-0.3263645178204925,-0.001026110239518152,4.887916660312186e-06,3.203776643427777,4.887916660312186e-06,False
pso,27,69,2.1818903881788545,3000,0.38951716700103134,0.0,-0.3259240263244023,8.861400882328497e-05,-0.03802747439457432,2.181004248090622,8.861400882328497e-05,False
pso,28,70,2.9670805941688396,3000,0.39058700000168756,0.0,-0.3253081297317143,-7.682602980785269e-05,-0.0007139739074719653,2.9670805941688396,0.0,True
pso,29,71,2.2705522870110815,3000,0.38966524999705143,0.0,-0.3306100039577985,-0.018621300933086005,-0.0014881828210695502,2.2705522870110815,0.0,True
gwo,0,42,2.1709124198741043,3000,0.4075337079993915,0.0,-0.3251153763315705,-0.008256588335814885,-0.0064677418747971505,2.1709124198741043,0.0,True
gwo,1,43,2.2014647951533126,3000,0.40683695799089037,0.0,-0.33496792646646456,-0.0019157274020431547,-0.02587865203073414,2.2014647951533126,0.0,True
gwo,2,44,2.1741674144091947,3000,0.4047306249849498,0.0,-0.3251153763315705,0.0005661944162074217,-0.01959299461304287,2.1685054702471205,0.0005661944162074217,False
gwo,3,45,2.195374402669172,3000,0.40940862501156516,0.0,-0.33432981996339006,-0.009797891891865418,-0.008058804983867907,2.195374402669172,0.0,True
gwo,4,46,2.214131637017938,3000,0.40868016600143164,0.0,-0.3282583214954883,0.005330494798009733,-0.01365722021611937,2.1608266890378407,0.005330494798009733,False
gwo,5,47,2.1902421238457297,3000,0.4096950409875717,0.0,-0.3251153763315705,-0.0010584556903132647,-0.023294062357159584,2.1902421238457297,0.0,True
gwo,6,48,2.238375054471398,3000,0.4081833749951329,0.0,-0.3261511253701588,0.001302557403232374,-0.027589273156260363,2.2253494804390743,0.001302557403232374,False
gwo,7,49,2.184312648848559,3000,0.4069493339920882,0.0,-0.3251153763315705,-0.006950647401698595,-0.002747519597873005,2.184312648848559,0.0,True
gwo,8,50,2.214676729722476,3000,0.410789334011497,0.0,-0.3251153763315705,-0.0006902266861140705,-0.049326569333224324,2.214676729722476,0.0,True
gwo,9,51,2.1940387532462915,3000,0.4023082909989171,0.0,-0.33032833071546464,-0.00475588341669686,-0.015328710187393346,2.1940387532462915,0.0,True
gwo,10,52,2.1926741639500196,3000,0.4033668340125587,0.0,-0.3313177019674045,0.0008571175329886612,-0.033306253506376615,2.184102988620133,0.0008571175329886612,False
gwo,11,53,2.2071696828582543,3000,0.40338058400084265,0.0,-0.3251153763315705,-0.0007003030976987512,-0.009787775014457933,2.2071696828582543,0.0,True
gwo,12,54,2.1928203650411966,3000,0.4028572080133017,0.0,-0.3251153763315705,-0.001428047780799635,-0.010475082386425028,2.1928203650411966,0.0,True
gwo,13,55,2.203507500326584,3000,0.4031462080019992,0.0,-0.3251153763315705,0.0004245195045777369,-0.006129358966374454,2.199262305280806,0.0004245195045777369,False
gwo,14,56,2.2277154945002344,3000,0.40298124999389984,0.0,-0.3344404337989091,0.0004305429541514673,-0.013888618383759876,2.22341006495872,0.0004305429541514673,False
gwo,15,57,2.195304154948577,3000,0.40821199998026714,0.0,-0.3251153763315705,-0.006180820379601104,-0.02011666481137886,2.195304154948577,0.0,True
gwo,16,58,2.169403954128159,3000,0.405918540986022,0.0,-0.3251153763315705,-0.013459926681878343,-0.0016594833622411986,2.169403954128159,0.0,True
gwo,17,59,2.2002785667633433,3000,0.4084035000123549,0.0,-0.3251153763315705,-0.019952890786419153,-0.014107902493277091,2.2002785667633433,0.0,True
gwo,18,60,2.2500280609934125,3000,0.4062582089973148,0.0,-0.3251153763315705,-0.006197011123832974,-0.021323424591999984,2.2500280609934125,0.0,True
gwo,19,61,2.2073254822183825,3000,0.4060668330057524,0.0,-0.3261445887336605,-0.008194467511215331,-0.001633674464706969,2.2073254822183825,0.0,True
gwo,20,62,2.1727972976357197,3000,0.4099253329914063,0.0,-0.3251153763315705,-0.000677659902219685,-0.005957305805924795,2.1727972976357197,0.0,True
gwo,21,63,2.1902456587501096,3000,0.41169341598288156,0.0,-0.3251153763315705,-0.004372834315369389,-0.004730996014916222,2.1902456587501096,0.0,True
gwo,22,64,2.2179689730062173,3000,0.41669554100371897,0.0,-0.3264708932126127,-0.013924063405994946,0.0005698426513325305,2.212270546492892,0.0005698426513325305,False
gwo,23,65,2.2053634582061825,3000,0.4047417500114534,0.0,-0.343423665654061,-0.004093749690301851,-0.01765643800253236,2.2053634582061825,0.0,True
gwo,24,66,2.2440959845868353,3000,0.40682641699095257,0.0,-0.3552924659753539,0.0015875038790131857,-0.015385974798461932,2.2282209457967035,0.0015875038790131857,False
gwo,25,67,2.169902031771388,3000,0.40619741700356826,0.0,-0.3251153763315705,0.003201711304419867,-0.001510819233154992,2.1378849187271896,0.003201711304419867,False
gwo,26,68,2.194128724753244,3000,0.40653770900098607,0.0,-0.3251153763315705,-0.0006213841309627988,-0.025592085463562064,2.194128724753244,0.0,True
gwo,27,69,2.191033374793692,3000,0.4082618340034969,0.0,-0.3275236711220587,-0.002289313450098418,-0.008798002271093841,2.191033374793692,0.0,True
gwo,28,70,2.1672590600984916,3000,0.4364722080063075,0.0,-0.3251153763315705,-0.009711881109940146,-0.005289769211169082,2.1672590600984916,0.0,True
gwo,29,71,2.2123288157743164,3000,0.40656404200126417,0.0,-0.3251153763315705,-0.028356319694478715,-0.017960454242758495,2.2123288157743164,0.0,True
random,0,42,4.943298035564619,3000,0.34860187501180917,0.0,-0.688466450438044,-0.00934239462771369,-0.19622587122754664,4.943298035564619,0.0,True
random,1,43,6.152058222417219,3000,0.3479975420050323,0.0,-0.5050352531164017,-0.3904606860022988,-0.0053904048789719106,6.152058222417219,0.0,True
random,2,44,6.466438141237113,3000,0.3527715830132365,0.0,-0.7027397510797713,-0.1047333300317067,-0.05602581645533666,6.466438141237113,0.0,True
random,3,45,5.348293651812808,3000,0.34985200001392514,0.0,-0.42239662761372465,-0.3354609045865111,-0.13066809067829865,5.348293651812808,0.0,True
random,4,46,6.04672442149469,3000,0.3509676250105258,0.0,-0.6202694368315405,-0.47592491714026186,-0.41863092190027285,6.04672442149469,0.0,True
random,5,47,5.389356555145115,3000,0.35010500001953915,0.0,-0.5265705053692395,-0.4216314391710728,-0.12106896961354274,5.389356555145115,0.0,True
random,6,48,5.954014200688334,3000,0.3499307080055587,0.0,-0.5937159232926368,-0.3944431705775898,-0.06178040003345342,5.954014200688334,0.0,True
random,7,49,6.437613561680857,3000,0.3476932079938706,0.0,-0.5053466575082086,-0.41812599442069787,0.05297810129818337,5.907832548699023,0.05297810129818337,False
random,8,50,4.679868140277618,3000,0.34920420800335705,0.0,-0.40747535652587674,-0.33153477167632317,-0.06508646646993332,4.679868140277618,0.0,True
random,9,51,6.216872453191585,3000,0.34513491598772816,0.0,-0.5206064417853369,-0.23210240053282083,-0.2141263696136011,6.216872453191585,0.0,True
random,10,52,6.470193622433724,3000,0.3427116670063697,0.0,-0.6165351186190887,-0.13879842780413953,0.09673503451486654,5.502843277285059,0.09673503451486654,False
random,11,53,5.582802573367674,3000,0.3447894169948995,0.0,-0.4032369043205527,-0.1970089652706296,0.022967425044658762,5.353128322921087,0.022967425044658762,False
random,12,54,6.211424006627158,3000,0.34329691700986587,0.0,-0.6886214481065049,-0.3285271375142296,-0.2721483118534831,6.211424006627158,0.0,True
random,13,55,5.8739691717807885,3000,0.34802641699207015,0.0,-0.470284259040029,-0.4153464297967093,-0.2913311582366991,5.8739691717807885,0.0,True
random,14,56,7.216307431643925,3000,0.3436136670061387,0.0,-0.5727064800356961,-0.45276417970419935,-0.5498909574672894,7.216307431643925,0.0,True
random,15,57,6.4588377944588355,3000,0.34558670900878496,0.0,-0.5815850544278602,-0.053170578033990834,-0.17197878453951643,6.4588377944588355,0.0,True
random,16,58,5.445292209639124,3000,0.3455585830088239,0.0,-0.36015371512304417,-0.3988140037773503,-0.1430196623874498,5.445292209639124,0.0,True
random,17,59,4.651224665898285,3000,0.34384366701124236,0.0,-0.6694463352300151,-0.06062145407719921,-0.19652474471919312,4.651224665898285,0.0,True
random,18,60,5.815089140228906,3000,0.3507951669744216,0.0,-0.3330265428868773,-0.4841752301714184,0.08848195568974715,4.930269583331435,0.08848195568974715,False
random,19,61,6.150494028818388,3000,0.35120358399581164,0.0,-0.3963528033080349,0.14692325041822651,-0.05845580965851194,4.681261524636123,0.14692325041822651,False
random,20,62,6.6400463167748836,3000,0.35119349998421967,0.0,-0.8110784035920672,-0.1444147799720663,-0.30303708457815737,6.6400463167748836,0.0,True
random,21,63,6.450639484979727,3000,0.3491009169956669,0.0,-0.6562272062345074,-0.4636858982545806,-0.10354140035095694,6.450639484979727,0.0,True
random,22,64,5.432170108554691,3000,0.3546793750138022,0.0,-0.517763770112294,-0.10528980559809775,0.08893931785500553,3.9382160032373763,0.08893931785500553,False
random,23,65,7.001055451062607,3000,0.350368667015573,0.0,-0.33607193262407664,-0.5670079179471732,0.05176265183051254,6.483428932757482,0.05176265183051254,False
random,24,66,7.248699327275355,3000,0.3497060410154518,0.0,-0.3596180718337044,-0.5441046412106163,-0.6949955760434001,7.248699327275355,0.0,True
random,25,67,5.18193728118342,3000,0.35416991700185463,0.0,-0.7244462313512487,0.02778268218145441,-0.03486770147112339,4.904110459368876,0.02778268218145441,False
random,26,68,5.803170555180602,3000,0.34892633400158957,0.0,-0.5505257177009124,-0.4339867736922207,-0.039429940854513346,5.803170555180602,0.0,True
random,27,69,5.956542092744802,3000,0.34792791699874215,0.0,-0.736793878688016,0.05541619182729218,0.012155772572282952,5.280822448749051,0.05541619182729218,False
random,28,70,6.48464037366816,3000,0.34294070801115595,0.0,-0.7518122796210287,0.11544066554744137,0.0004921067127039436,5.325312651066708,0.11544066554744137,False
random,29,71,6.032210824261711,3000,0.341713041998446,0.0,-0.6399763358038676,0.0035021711299842995,-0.14883364324381332,5.997189112961868,0.0035021711299842995,False
