kernel_id,kernel_repr,penalty,seed,n_train,n_test,r2,mae,rmse,fit_time_s
k00,1**2 * RBF(length_scale=1),10.0,101,630,270,0.9249772618243137,1.4593897208433035,1.9994455893315175,0.5513602079881821
k01,1**2 * RBF(length_scale=1) + RBF(length_scale=0.3),10.0,101,630,270,0.9276286923946193,1.4360363778011875,1.9637958798283173,1.4393448749906383
k02,1**2 * RBF(length_scale=1) * RBF(length_scale=0.5),10.0,101,630,270,0.9249772618940894,1.4593897153708835,1.9994455884017162,1.1802148749993648
k03,"1**2 * Matern(length_scale=1, nu=0.5)",10.0,101,630,270,0.8773564134612082,1.7384891643982854,2.556439715675061,0.7823068330180831
k04,"1**2 * Matern(length_scale=1, nu=1.5)",10.0,101,630,270,0.9234087064540308,1.4178632539627123,2.020239400861671,0.7812770000018645
k05,"1**2 * Matern(length_scale=1, nu=2.5)",10.0,101,630,270,0.9277482248840686,1.4226718808518946,1.9621734522079366,0.9395500410173554
k06,"1**2 * Matern(length_scale=1, nu=1.5) + Matern(length_scale=0.3, nu=2.5)",10.0,101,630,270,0.9279097293910071,1.4181994858591698,1.9599792006112897,1.698823375016218
k07,"1**2 * RationalQuadratic(alpha=1, length_scale=1)",10.0,101,630,270,0.9297553982267817,1.4126970674754464,1.9347266420680158,1.625383790989872
k08,"1**2 * RationalQuadratic(alpha=0.1, length_scale=1)",10.0,101,630,270,0.9297553982267817,1.4126970674754464,1.9347266420680158,1.598620624979958
k09,"1**2 * RationalQuadratic(alpha=10, length_scale=1)",10.0,101,630,270,0.9297553982267817,1.4126970674754464,1.9347266420680158,1.6559448750049341
k10,1**2 * DotProduct(sigma_0=1) + RBF(length_scale=1),10.0,101,630,270,0.9318147009185482,1.3850182692368667,1.9061563036406977,2.0184549579862505
k11,"1**2 * DotProduct(sigma_0=1) + Matern(length_scale=1, nu=1.5)",10.0,101,630,270,0.9227955641965253,1.4107680483024354,2.028309671707737,1.8805041669984348
k12,1**2 * DotProduct(sigma_0=0.1) + RBF(length_scale=1),10.0,101,630,270,0.9318147218437587,1.3850180731755322,1.9061560111529818,2.133972209005151
k13,1**2 * DotProduct(sigma_0=1),10.0,101,630,270,0.4666393507511467,4.0644810134310525,5.331183363536216,1.6031227500061505
k14,"1**2 * ExpSineSquared(length_scale=1, periodicity=1)",10.0,101,630,270,-0.005108538006835417,5.8272988540933595,7.318458522978282,0.44033312497776933
k15,"1**2 * RBF(length_scale=1) * ExpSineSquared(length_scale=1, periodicity=1)",10.0,101,630,270,0.9267168244285757,1.4457514286005082,1.9761289242444455,1.1608623749925755
k16,"1**2 * Matern(length_scale=1, nu=1.5) * ExpSineSquared(length_scale=1, periodicity=1)",10.0,101,630,270,0.9246407144402837,1.409294545539126,2.003925265965001,1.2983816250052769
k17,1**2 * RBF(length_scale=1) + WhiteKernel(noise_level=1e-12),10.0,101,630,270,0.9249776521795902,1.4593856678081838,1.999440387607547,0.9783534169837367
k18,"1**2 * Matern(length_scale=1, nu=2.5) + WhiteKernel(noise_level=1e-12)",10.0,101,630,270,0.927748246213269,1.4226716341331196,1.9621731625846448,1.195956416981062
k19,"1**2 * RationalQuadratic(alpha=1, length_scale=1) + WhiteKernel(noise_level=1e-12)",10.0,101,630,270,0.9297554089464142,1.4126969283278503,1.9347264944441505,1.8073671250022016
k20,"1**2 * Matern(length_scale=1, nu=2.5)",10.0,101,630,270,0.9277482199763765,1.422671937293242,1.9621735188481202,0.7161072499875445
k00,1**2 * RBF(length_scale=1),1000000.0,101,630,270,0.9029550790150765,137550.55922752075,189687.46018535286,0.7760528749786317
k01,1**2 * RBF(length_scale=1) + RBF(length_scale=0.3),1000000.0,101,630,270,0.9071062185245433,133283.58355852112,185586.1393080219,1.5485325000190642
k02,1**2 * RBF(length_scale=1) * RBF(length_scale=0.5),1000000.0,101,630,270,0.9029550768635833,137550.5601006674,189687.4622880455,1.1462546669936273
k03,"1**2 * Matern(length_scale=1, nu=0.5)",1000000.0,101,630,270,0.8467938654804217,158367.45929788533,238336.3553575422,0.7590770420210902
k04,"1**2 * Matern(length_scale=1, nu=1.5)",1000000.0,101,630,270,0.897663636399032,136024.66354189615,194790.24624524201,0.955991750000976
k05,"1**2 * Matern(length_scale=1, nu=2.5)",1000000.0,101,630,270,0.9051186671790922,134711.50984942866,187561.02807730297,0.7998991670028772
k06,"1**2 * Matern(length_scale=1, nu=1.5) + Matern(length_scale=0.3, nu=2.5)",1000000.0,101,630,270,0.905201147268724,134466.04536973988,187479.4872018341,1.8231262079789303
k07,"1**2 * RationalQuadratic(alpha=1, length_scale=1)",1000000.0,101,630,270,0.9091938045035448,131796.33471682746,183488.96731196978,1.6427437500096858
k08,"1**2 * RationalQuadratic(alpha=0.1, length_scale=1)",1000000.0,101,630,270,0.9091938045035448,131796.33471682746,183488.96731196978,1.5662148330011405
k09,"1**2 * RationalQuadratic(alpha=10, length_scale=1)",1000000.0,101,630,270,0.9091938045035448,131796.33471682746,183488.96731196978,1.628212874988094
k10,1**2 * DotProduct(sigma_0=1) + RBF(length_scale=1),1000000.0,101,630,270,0.9098693968635928,130502.86862432945,182805.1198271021,1.5424290419905446
k11,"1**2 * DotProduct(sigma_0=1) + Matern(length_scale=1, nu=1.5)",1000000.0,101,630,270,0.896732339101256,134727.37132890194,195674.56914101844,2.3188418339996133
k12,1**2 * DotProduct(sigma_0=0.1) + RBF(length_scale=1),1000000.0,101,630,270,0.9098693968635928,130502.86862432945,182805.1198271021,1.9621243750152644
k13,1**2 * DotProduct(sigma_0=1),1000000.0,101,630,270,0.5298190432732377,307922.54713851056,417527.16235002526,1.3262236249865964
k14,"1**2 * ExpSineSquared(length_scale=1, periodicity=1)",1000000.0,101,630,270,-0.0043673490342046595,441530.92990789504,610236.9617672164,0.4896808749763295
k15,"1**2 * RBF(length_scale=1) * ExpSineSquared(length_scale=1, periodicity=1)",1000000.0,101,630,270,0.9034509492803802,137377.883169274,189202.2166855283,1.1997094159887638
k16,"1**2 * Matern(length_scale=1, nu=1.5) * ExpSineSquared(length_scale=1, periodicity=1)",1000000.0,101,630,270,0.9075150141236976,131660.4199215627,185177.33666106578,1.7980813340109307
k17,1**2 * RBF(length_scale=1) + WhiteKernel(noise_level=1e-12),1000000.0,101,630,270,0.9029551722564643,137550.48945054744,189687.36905886166,0.9435323330108076
k18,"1**2 * Matern(length_scale=1, nu=2.5) + WhiteKernel(noise_level=1e-12)",1000000.0,101,630,270,0.9051186671737965,134711.50985388845,187561.02808253712,1.203495792025933
k19,"1**2 * RationalQuadratic(alpha=1, length_scale=1) + WhiteKernel(noise_level=1e-12)",1000000.0,101,630,270,0.9091936985233994,131796.41686068696,183489.07438716246,1.5628062920004595
k20,"1**2 * Matern(length_scale=1, nu=2.5)",1000000.0,101,630,270,0.9051186642085282,134711.50773944656,187561.03101340227,0.8215741249732673
k00,1**2 * RBF(length_scale=1),10.0,102,630,270,0.9173549629235697,1.5447597043249213,2.065640037004652,0.5433017089962959
k01,1**2 * RBF(length_scale=1) + RBF(length_scale=0.3),10.0,102,630,270,0.9209941705874104,1.5196883545871798,2.019648640754687,1.5532643750193529
k02,1**2 * RBF(length_scale=1) * RBF(length_scale=0.5),10.0,102,630,270,0.9173549842043982,1.5447595409403772,2.0656397710568366,1.2229832500161137
k03,"1**2 * Matern(length_scale=1, nu=0.5)",10.0,102,630,270,0.8475549722310592,1.9416350812620353,2.8054522751284794,0.7641543749778066
k04,"1**2 * Matern(length_scale=1, nu=1.5)",10.0,102,630,270,0.9134142384838564,1.5705049647699558,2.1143140398755955,0.9141086250019725
k05,"1**2 * Matern(length_scale=1, nu=2.5)",10.0,102,630,270,0.9217630419961693,1.522546111513579,2.009797173957175,0.9835495830047876
k06,"1**2 * Matern(length_scale=1, nu=1.5) + Matern(length_scale=0.3, nu=2.5)",10.0,102,630,270,0.9214174080587105,1.5219568352740258,2.01423170599031,2.0641622089897282
k07,"1**2 * RationalQuadratic(alpha=1, length_scale=1)",10.0,102,630,270,0.9239358585812841,1.4981572176166966,1.9816923688348775,2.0138261250103824
k08,"1**2 * RationalQuadratic(alpha=0.1, length_scale=1)",10.0,102,630,270,0.9239358585812841,1.4981572176166966,1.9816923688348775,1.6429535829811357
k09,"1**2 * RationalQuadratic(alpha=10, length_scale=1)",10.0,102,630,270,0.9239358585812841,1.4981572176166966,1.9816923688348775,1.9893180829822086
k10,1**2 * DotProduct(sigma_0=1) + RBF(length_scale=1),10.0,102,630,270,0.9251752544026726,1.488688124573841,1.9654811257417162,2.2004319580155425
k11,"1**2 * DotProduct(sigma_0=1) + Matern(length_scale=1, nu=1.5)",10.0,102,630,270,0.9116530170528871,1.5758523969352298,2.1357091814662885,2.8846119579975493
k12,1**2 * DotProduct(sigma_0=0.1) + RBF(length_scale=1),10.0,102,630,270,0.9251752544026726,1.488688124573841,1.9654811257417162,2.3962879169848748
k13,1**2 * DotProduct(sigma_0=1),10.0,102,630,270,0.36059217930007215,4.296537843566645,5.745597848937482,1.2978472499817144
k14,"1**2 * ExpSineSquared(length_scale=1, periodicity=1)",10.0,102,630,270,-0.007591710806015506,5.506863390907168,7.212545173666421,0.5486919580143876
k15,"1**2 * RBF(length_scale=1) * ExpSineSquared(length_scale=1, periodicity=1)",10.0,102,630,270,0.9173550078480347,1.5447593659415155,2.0656394755808245,1.3178272910008673
k16,"1**2 * Matern(length_scale=1, nu=1.5) * ExpSineSquared(length_scale=1, periodicity=1)",10.0,102,630,270,0.9134808720640838,1.5704721313157373,2.1135003297045274,1.404039165994618
k17,1**2 * RBF(length_scale=1) + WhiteKernel(noise_level=1e-12),10.0,102,630,270,0.9173549629223132,1.5447597043355712,2.065640037020355,0.9913317919999827
k18,"1**2 * Matern(length_scale=1, nu=2.5) + WhiteKernel(noise_level=1e-12)",10.0,102,630,270,0.9217631338118694,1.52254454869685,2.0097959946488704,1.1984522079874296
k19,"1**2 * RationalQuadratic(alpha=1, length_scale=1) + WhiteKernel(noise_level=1e-12)",10.0,102,630,270,0.9239358457232549,1.4981573113359248,1.98169253632942,2.186756624985719
k20,"1**2 * Matern(length_scale=1, nu=2.5)",10.0,102,630,270,0.9217630425564932,1.5225461053748728,2.0097971667602104,0.7941025830223225
k00,1**2 * RBF(length_scale=1),1000000.0,102,630,270,0.9190800015780533,151581.22455370714,202500.14130694442,0.7897432080062572
k01,1**2 * RBF(length_scale=1) + RBF(length_scale=0.3),1000000.0,102,630,270,0.9236139518516109,148046.86806308475,196745.32379611538,1.991361333988607
k02,1**2 * RBF(length_scale=1) * RBF(length_scale=0.5),1000000.0,102,630,270,0.9190800071252605,151581.21863628394,202500.13436607516,1.3554032500251196
k03,"1**2 * Matern(length_scale=1, nu=0.5)",1000000.0,102,630,270,0.8640107679460259,175974.67260043955,262512.30082598067,0.8995630830177106
k04,"1**2 * Matern(length_scale=1, nu=1.5)",1000000.0,102,630,270,0.9169338633263664,151265.6678875263,205167.89560814243,1.0422521250147838
k05,"1**2 * Matern(length_scale=1, nu=2.5)",1000000.0,102,630,270,0.9240634780081136,147882.54766492778,196165.5538346641,0.9490029159933329
k06,"1**2 * Matern(length_scale=1, nu=1.5) + Matern(length_scale=0.3, nu=2.5)",1000000.0,102,630,270,0.9238068969274246,147902.2044097485,196496.6851749159,2.3283797500189394
k07,"1**2 * RationalQuadratic(alpha=1, length_scale=1)",1000000.0,102,630,270,0.9269491195724285,145042.70358567458,192402.2405087522,2.1153788329975214
k08,"1**2 * RationalQuadratic(alpha=0.1, length_scale=1)",1000000.0,102,630,270,0.9269491195724285,145042.70358567458,192402.2405087522,1.8095395830168854
k09,"1**2 * RationalQuadratic(alpha=10, length_scale=1)",1000000.0,102,630,270,0.9269491195724285,145042.70358567458,192402.2405087522,2.1429183750005905
k10,1**2 * DotProduct(sigma_0=1) + RBF(length_scale=1),1000000.0,102,630,270,0.928455869577046,144017.42402301365,190407.6541597629,1.852934708003886
k11,"1**2 * DotProduct(sigma_0=1) + Matern(length_scale=1, nu=1.5)",1000000.0,102,630,270,0.9161446011434122,150568.280672211,206140.30405435633,3.7890370409877505
k12,1**2 * DotProduct(sigma_0=0.1) + RBF(length_scale=1),1000000.0,102,630,270,0.9284558573545074,144017.43404006094,190407.67042430324,2.0535412080062088
k13,1**2 * DotProduct(sigma_0=1),1000000.0,102,630,270,0.5823058739042284,327634.2760996661,460072.82511220925,1.4244672920031007
k14,"1**2 * ExpSineSquared(length_scale=1, periodicity=1)",1000000.0,102,630,270,-0.018719997901200047,481805.4535614059,718496.7592450397,0.5622246249986347
k15,"1**2 * RBF(length_scale=1) * ExpSineSquared(length_scale=1, periodicity=1)",1000000.0,102,630,270,0.9199188369171272,150695.13289083153,201447.82551585278,1.6599500839947723
k16,"1**2 * Matern(length_scale=1, nu=1.5) * ExpSineSquared(length_scale=1, periodicity=1)",1000000.0,102,630,270,0.9170201550905008,151222.83772856396,205061.300425658,1.410571708023781
k17,1**2 * RBF(length_scale=1) + WhiteKernel(noise_level=1e-12),1000000.0,102,630,270,0.9190799837242355,151581.24164316792,202500.16364629488,1.0544017080101185
k18,"1**2 * Matern(length_scale=1, nu=2.5) + WhiteKernel(noise_level=1e-12)",1000000.0,102,630,270,0.9240636036490675,147882.42308920703,196165.39155150423,1.319518624979537
k19,"1**2 * RationalQuadratic(alpha=1, length_scale=1) + WhiteKernel(noise_level=1e-12)",1000000.0,102,630,270,0.9269491216344035,145042.70158054057,192402.23779332568,1.6819322079827543
k20,"1**2 * Matern(length_scale=1, nu=2.5)",1000000.0,102,630,270,0.9240634674007887,147882.5649339306,196165.56753552667,0.8985202919866424
k00,1**2 * RBF(length_scale=1),10.0,103,630,270,0.9434888636914737,1.4154565756278086,1.8264987022935586,0.9325972500082571
k01,1**2 * RBF(length_scale=1) + RBF(length_scale=0.3),10.0,103,630,270,0.945173452371388,1.3949084807959529,1.799068907051746,2.1745069999888074
k02,1**2 * RBF(length_scale=1) * RBF(length_scale=0.5),10.0,103,630,270,0.9434888747996232,1.415456450357664,1.8264985227800765,1.4307400840043556
k03,"1**2 * Matern(length_scale=1, nu=0.5)",10.0,103,630,270,0.8982729555248085,1.767744963747988,2.4505894608173713,0.8971985839889385
k04,"1**2 * Matern(length_scale=1, nu=1.5)",10.0,103,630,270,0.9403605832226977,1.385741356278298,1.8763724244833595,1.138683791999938
k05,"1**2 * Matern(length_scale=1, nu=2.5)",10.0,103,630,270,0.9428443808707848,1.3907758602327045,1.8368843529230547,1.1080038330110256
k06,"1**2 * Matern(length_scale=1, nu=1.5) + Matern(length_scale=0.3, nu=2.5)",10.0,103,630,270,0.9431537005623872,1.3851221517491408,1.8319071054111298,2.521134082984645
k07,"1**2 * RationalQuadratic(alpha=1, length_scale=1)",10.0,103,630,270,0.9453722831796609,1.376069663210493,1.7958037440718875,2.780994875007309
k08,"1**2 * RationalQuadratic(alpha=0.1, length_scale=1)",10.0,103,630,270,0.9453722768130035,1.3760697270816564,1.7958038487190116,3.013273290998768
k09,"1**2 * RationalQuadratic(alpha=10, length_scale=1)",10.0,103,630,270,0.9453722774638132,1.3760696906375582,1.7958038380218186,3.0103947919851635
k10,1**2 * DotProduct(sigma_0=1) + RBF(length_scale=1),10.0,103,630,270,0.9457264061757767,1.3626301298194061,1.789973650826262,3.312771208002232
k11,"1**2 * DotProduct(sigma_0=1) + Matern(length_scale=1, nu=1.5)",10.0,103,630,270,0.9399688535937375,1.382892608232345,1.8825246278862298,3.6767200409958605
k12,1**2 * DotProduct(sigma_0=0.1) + RBF(length_scale=1),10.0,103,630,270,0.9457264086176886,1.3626300955755388,1.7899736105584465,3.0351289590180386
k13,1**2 * DotProduct(sigma_0=1),10.0,103,630,270,0.472230888368534,4.273003939989524,5.581800785481862,4.316643041995121
k14,"1**2 * ExpSineSquared(length_scale=1, periodicity=1)",10.0,103,630,270,-0.010282062672124503,6.220221599024842,7.722780104756268,0.48916416699648835
k15,"1**2 * RBF(length_scale=1) * ExpSineSquared(length_scale=1, periodicity=1)",10.0,103,630,270,0.9460443957648725,1.3708295471405765,1.7847222097114557,1.7768178329861257
k16,"1**2 * Matern(length_scale=1, nu=1.5) * ExpSineSquared(length_scale=1, periodicity=1)",10.0,103,630,270,0.9415083974157403,1.3729487642379528,1.858228464041622,1.5342106250172947
k17,1**2 * RBF(length_scale=1) + WhiteKernel(noise_level=1e-12),10.0,103,630,270,0.9434888106976855,1.4154572120862372,1.8264995587005324,0.9429360840003937
k18,"1**2 * Matern(length_scale=1, nu=2.5) + WhiteKernel(noise_level=1e-12)",10.0,103,630,270,0.9428443623202682,1.3907760920297838,1.8368846510140517,1.0737872909812722
k19,"1**2 * RationalQuadratic(alpha=1, length_scale=1) + WhiteKernel(noise_level=1e-12)",10.0,103,630,270,0.9453721931651082,1.3760708760468472,1.7958052236175621,2.2014049580029678
k20,"1**2 * Matern(length_scale=1, nu=2.5)",10.0,103,630,270,0.9428443827291377,1.390775837052456,1.8368843230609038,0.6648230419959873
k00,1**2 * RBF(length_scale=1),1000000.0,103,630,270,0.9353081536917365,131459.7047006446,172127.33506265207,0.6895752910058945
k01,1**2 * RBF(length_scale=1) + RBF(length_scale=0.3),1000000.0,103,630,270,0.9373340651256662,129195.32892872329,169410.69859986284,1.553552084020339
k02,1**2 * RBF(length_scale=1) * RBF(length_scale=0.5),1000000.0,103,630,270,0.9353081577194072,131459.70053017803,172127.32970438598,1.1052314580010716
k03,"1**2 * Matern(length_scale=1, nu=0.5)",1000000.0,103,630,270,0.8806940351251448,165278.67821055563,233752.4387317377,0.7714250419812743
k04,"1**2 * Matern(length_scale=1, nu=1.5)",1000000.0,103,630,270,0.9266499152995553,135069.68544279537,183284.34915945938,0.9016230000124779
k05,"1**2 * Matern(length_scale=1, nu=2.5)",1000000.0,103,630,270,0.9326836276155323,131809.20624069741,175584.19626320945,0.7716438329953235
k06,"1**2 * Matern(length_scale=1, nu=1.5) + Matern(length_scale=0.3, nu=2.5)",1000000.0,103,630,270,0.9326054056002249,131647.56518581702,175686.1815723647,1.9717864590056706
k07,"1**2 * RationalQuadratic(alpha=1, length_scale=1)",1000000.0,103,630,270,0.9365099478904945,128320.97660474107,170521.01678966865,1.9762659589760005
k08,"1**2 * RationalQuadratic(alpha=0.1, length_scale=1)",1000000.0,103,630,270,0.9365099478904945,128320.97660474107,170521.01678966865,2.031389500014484
k09,"1**2 * RationalQuadratic(alpha=10, length_scale=1)",1000000.0,103,630,270,0.9365099478904945,128320.97660474107,170521.01678966865,1.9972263750096317
k10,1**2 * DotProduct(sigma_0=1) + RBF(length_scale=1),1000000.0,103,630,270,0.9357169394123447,128720.96538057076,171582.63964112374,1.6230760419857688
k11,"1**2 * DotProduct(sigma_0=1) + Matern(length_scale=1, nu=1.5)",1000000.0,103,630,270,0.925655115767213,135196.58372766877,184523.0466518804,2.0257022909936495
k12,1**2 * DotProduct(sigma_0=0.1) + RBF(length_scale=1),1000000.0,103,630,270,0.935716925938932,128720.97677857413,171582.65762256068,1.6681803340034094
k13,1**2 * DotProduct(sigma_0=1),1000000.0,103,630,270,0.5767390246741637,324848.55837324075,440280.23137059534,1.1318569170252886
k14,"1**2 * ExpSineSquared(length_scale=1, periodicity=1)",1000000.0,103,630,270,-0.002496805978618566,485474.79460433865,677589.3488965615,0.3811907909985166
k15,"1**2 * RBF(length_scale=1) * ExpSineSquared(length_scale=1, periodicity=1)",1000000.0,103,630,270,0.9366986394672364,128903.20494419303,170267.43516060463,1.6844379999965895
k16,"1**2 * Matern(length_scale=1, nu=1.5) * ExpSineSquared(length_scale=1, periodicity=1)",1000000.0,103,630,270,0.9349360160515673,129998.12362645252,172621.7034359272,1.5242049579974264
k17,1**2 * RBF(length_scale=1) + WhiteKernel(noise_level=1e-12),1000000.0,103,630,270,0.9353081536913881,131459.70470095097,172127.3350631155,0.9602097499882802
k18,"1**2 * Matern(length_scale=1, nu=2.5) + WhiteKernel(noise_level=1e-12)",1000000.0,103,630,270,0.9326835009774085,131809.35506831433,175584.36142097067,1.2226736249867827
k19,"1**2 * RationalQuadratic(alpha=1, length_scale=1) + WhiteKernel(noise_level=1e-12)",1000000.0,103,630,270,0.9365099392369401,128320.98695396111,170521.02841048775,1.9374929580080789
k20,"1**2 * Matern(length_scale=1, nu=2.5)",1000000.0,103,630,270,0.9326836201214397,131809.2149941976,175584.20603679147,0.7164891659922432
